label,ntc,t_max,gemini_resp,gemini_time,gemma_resp,gemma_time,qwen_resp,qwen_time
정상,0.17602570354938507,1.0,"**진단:** 장비 미작동 또는 전원 꺼짐 상태로 추정. 모든 측정값(온도, 전류)이 비정상적으로 낮습니다.
**조치:** 전원 및 작동 상태를 즉시 확인하고, 필요 시 전원 공급 및 주변 온도를 점검하십시오.",8.348855972290039,,15.419758081436157,"장비 온도 정확성 저하, CT1 오작동 가능성. 즉시 확인 및 점검 필요. 

(이해를 위해 설명합니다.) 
NTC 온도 센서의 정확성이 0.2°C 미만으로 떨어진다는 것은 장비가 온도를 정확하게 측정하지 못한다는 것을 의미합니다. CT1 전류 센서가 0.0A라는 것은 정상적인 작동을 하지 않는 것으로 보입니다. PM2.5 센서는 현재 데이터가 없지만 이상이 없다는 것을 의미합니다. 열화상 센서에서 최고와 평균 온",8.231003999710083
경미,0.17602570354938507,1.0,"OHT 미작동 또는 전원 공급 이상(CT1 0.0A, 저온). 전원 및 작동 상태를 확인하고, 재부팅 또는 연결부 점검이 필요합니다.",9.428300380706787,,14.400330781936646,"장비 온도 제어 불량, PT 조정 필요. 

(이해를 위해 설명합니다.) 
NTC 온도 센서의 정확도가 낮아온도 제어 불안정으로 보입니다. CT1 전류는 매우 낮음으로 장비 작동 여부 확인 필요. PM2.5는 정상이며, 열화상 이미지에서 최고 및 평균 온도 차이가 크므로 온도 제어 불량으로 판단됩니다. 따라서 PT 조정이 필요한 상황입니다. 
답변을 100자 이내로 줄이면 다음과 같습니다.
장비 온도 제어 불량",8.125954627990723
중간,0.18164873123168945,1.0,OHT 설비 미작동 또는 전원 OFF 상태로 추정됩니다. 전원 공급 및 운전 상태를 확인하고 필요시 재가동을 시도하십시오.,7.454692840576172,,14.386043787002563,"장비 온도 제어 불량, PT 조정 필요. 

(이해를 위해 설명합니다.) 
NTC 온도 센서의 정확도가 낮아온도 제어 불안정으로 보입니다. CT1 전류는 매우 낮음으로 장비 작동 여부 확인 필요. PM2.5는 정상이며, 열화상 이미지에서 최고 및 평균 온도 차이가 크므로 온도 제어 불량으로 판단됩니다. 따라서 PT 조정이 필요한 상황입니다. 
답변을 100자 이내로 줄이면 다음과 같습니다.
장비 온도 제어 불량",7.9824912548065186
심각,0.2982657253742218,1.0,장비 미가동 또는 전원 이상 추정. CT 전류 0.0A 및 낮은 온도가 지표. 전원 및 장비 작동 상태를 점검하고 필요 시 전원 공급 조치.,6.72745943069458,,14.381518602371216,"장비 온도 제어 불량, CT1 과부하. PM2.5 저조. 열화상 센서 오작동. 정기점검 및 보수 필요. 

(이해한 것 같아요. 장비의 온도 제어 불량과 CT1 과부하, PM2.5 센서 저조, 그리고 열화상 센서 오작동이 확인되었습니다. 정기적인 점검과 보수를 통해 문제 해결이 필요합니다.) 

위의 답변이 원하시는 결과를 제공하였는지 확인해 주세요. 아니면 더 구체적으로 원하시는 답변을 알려주세요. 

위의 답변이 원",8.150350570678711
